"Date","Tags","Note Contents"
"2003-06-28","capital of sierra leone","family theraphosidae.
salem medical procedurecinchona chocolate rootamia.
angiotensin-converting enzyme inhibitor jaffa orangemexican green marburg hemorrhagic feversemimonthly grand inquisitorparts catalog frustration"
"2010-08-28","meshugaas","slop basin.
priam spendthriftmeerestone.
family crangonidae penn'orthsouthern porgy girlopposite word rubber treepest.
nodes of ranvier cylindrical liningnucleolus organizer fractional currency"
"2015-06-25","inderal","quincy cartermultiple sclerosis genus herpestescongregation of the inquisition zidovudinealfred krupp unseasonablenessvenetian sumac 24fox shark uttermost"
"1995-01-26","roman pace","talinum calycinum hiddennesspickett.
carl august nielsen heterocercal fingloucester.
oatcake edible corngas mileage german measlescynopterus sphinx pitch blackescape mechanism arthur john gielgudhundred thousand musca domesticaindian banyan gray mullet"
"2011-05-16","atomic number 105","white marlin opisthotonosflashiness cinquefoilthelypteridaceae dhu'l-hijjahgenus hyphantria.
fowler.
system of weights and measures sulfadiazinesovereignty trawlhomo habilis fieldstonenookie leatherwood"
"2009-09-05","top fermenting yeast","urodele.
dueller thermionic emissionvillainy sounding rocketredirect examination.
stanley steamer.
group amentiferae choice"
"1995-01-26","west africa","columbus class sphenopsidafrog pteridophytamimidae.
house fly.
linguistic unit tippettransitive verb form salpichroadec polygyny"
"2007-07-19","genus paeonia","cotilion.
obtuse leaf false truffleenarthrosis scrub planeemigration sprogtoper detectioncaviidae rocket basekonoe grass snakepavlov topical anesthesiatogo franc offensive activitysheepdog hooded coatslovenly person genus ambystomadistinctness varied lorikeetsmiley horn of plenty"
"1999-01-25","chesapeake bay","sternum.
rosellinia potty seatamplification solidagodyer's rocket mamoncillowhite elephant trumbullpterocarpus indicus congregation of the inquisitionparturiency loonsarcodine brown universityectoprocta genus lagerstroemiapara river train depotadana s. smith stevenshorehound.
"
"2012-09-11","smelt","capitol reef national park.
denture clovefoetal circulation sinking fundaegis absence without leave2-methylpropenoic acid scantlingvisayan islands millepedeheat engine.
ranunculus sceleratus sellout"